INSERT INTO web_la_escalera_al_cielo.permissions (id, name, description, guard_name, created_at, updated_at) VALUES (1, 'admin.index', 'Ver Dashboard', 'web', '2021-06-27 20:53:32', '2021-06-27 20:53:32');
INSERT INTO web_la_escalera_al_cielo.permissions (id, name, description, guard_name, created_at, updated_at) VALUES (2, 'admin.categories.index', 'Ver Listado de Categorías', 'web', '2021-06-27 20:53:32', '2021-06-27 20:53:32');
INSERT INTO web_la_escalera_al_cielo.permissions (id, name, description, guard_name, created_at, updated_at) VALUES (3, 'admin.categories.create', 'Crear Categoría', 'web', '2021-06-27 20:53:32', '2021-06-27 20:53:32');
INSERT INTO web_la_escalera_al_cielo.permissions (id, name, description, guard_name, created_at, updated_at) VALUES (4, 'admin.categories.edit', 'Editar Categoría', 'web', '2021-06-27 20:53:32', '2021-06-27 20:53:32');
INSERT INTO web_la_escalera_al_cielo.permissions (id, name, description, guard_name, created_at, updated_at) VALUES (5, 'admin.categories.destroy', 'Eliminar Categoría', 'web', '2021-06-27 20:53:32', '2021-06-27 20:53:32');
INSERT INTO web_la_escalera_al_cielo.permissions (id, name, description, guard_name, created_at, updated_at) VALUES (6, 'admin.roles.index', 'Ver Listado de Roles', 'web', '2021-06-27 20:53:32', '2021-06-27 20:53:32');
INSERT INTO web_la_escalera_al_cielo.permissions (id, name, description, guard_name, created_at, updated_at) VALUES (7, 'admin.roles.create', 'Crear Rol', 'web', '2021-06-27 20:53:32', '2021-06-27 20:53:32');
INSERT INTO web_la_escalera_al_cielo.permissions (id, name, description, guard_name, created_at, updated_at) VALUES (8, 'admin.roles.edit', 'Editar Rol', 'web', '2021-06-27 20:53:32', '2021-06-27 20:53:32');
INSERT INTO web_la_escalera_al_cielo.permissions (id, name, description, guard_name, created_at, updated_at) VALUES (9, 'admin.roles.destroy', 'Eliminar Rol', 'web', '2021-06-27 20:53:32', '2021-06-27 20:53:32');
INSERT INTO web_la_escalera_al_cielo.permissions (id, name, description, guard_name, created_at, updated_at) VALUES (10, 'admin.posts.index', 'Ver Listado de Posts', 'web', '2021-06-27 20:53:32', '2021-06-27 20:53:32');
INSERT INTO web_la_escalera_al_cielo.permissions (id, name, description, guard_name, created_at, updated_at) VALUES (11, 'admin.posts.create', 'Crear Post', 'web', '2021-06-27 20:53:32', '2021-06-27 20:53:32');
INSERT INTO web_la_escalera_al_cielo.permissions (id, name, description, guard_name, created_at, updated_at) VALUES (12, 'admin.posts.edit', 'Editar Post', 'web', '2021-06-27 20:53:32', '2021-06-27 20:53:32');
INSERT INTO web_la_escalera_al_cielo.permissions (id, name, description, guard_name, created_at, updated_at) VALUES (13, 'admin.posts.destroy', 'Eliminar Post', 'web', '2021-06-27 20:53:32', '2021-06-27 20:53:32');
INSERT INTO web_la_escalera_al_cielo.permissions (id, name, description, guard_name, created_at, updated_at) VALUES (14, 'admin.documents.index', 'Ver Listado de Documentos', 'web', '2021-06-27 20:53:32', '2021-06-27 20:53:32');
INSERT INTO web_la_escalera_al_cielo.permissions (id, name, description, guard_name, created_at, updated_at) VALUES (15, 'admin.documents.create', 'Crear Documento', 'web', '2021-06-27 20:53:32', '2021-06-27 20:53:32');
INSERT INTO web_la_escalera_al_cielo.permissions (id, name, description, guard_name, created_at, updated_at) VALUES (16, 'admin.documents.edit', 'Editar Documento', 'web', '2021-06-27 20:53:32', '2021-06-27 20:53:32');
INSERT INTO web_la_escalera_al_cielo.permissions (id, name, description, guard_name, created_at, updated_at) VALUES (17, 'admin.documents.destroy', 'Eliminar Documento', 'web', '2021-06-27 20:53:32', '2021-06-27 20:53:32');
INSERT INTO web_la_escalera_al_cielo.permissions (id, name, description, guard_name, created_at, updated_at) VALUES (18, 'admin.videos.index', 'Ver Listado de Videos', 'web', '2021-06-27 20:53:32', '2021-06-27 20:53:32');
INSERT INTO web_la_escalera_al_cielo.permissions (id, name, description, guard_name, created_at, updated_at) VALUES (19, 'admin.videos.create', 'Crear Video', 'web', '2021-06-27 20:53:32', '2021-06-27 20:53:32');
INSERT INTO web_la_escalera_al_cielo.permissions (id, name, description, guard_name, created_at, updated_at) VALUES (20, 'admin.videos.edit', 'Editar Video', 'web', '2021-06-27 20:53:33', '2021-06-27 20:53:33');
INSERT INTO web_la_escalera_al_cielo.permissions (id, name, description, guard_name, created_at, updated_at) VALUES (21, 'admin.videos.destroy', 'Eliminar Video', 'web', '2021-06-27 20:53:33', '2021-06-27 20:53:33');
INSERT INTO web_la_escalera_al_cielo.permissions (id, name, description, guard_name, created_at, updated_at) VALUES (22, 'admin.users.index', 'Ver Listado de Usuarios', 'web', '2021-06-27 20:53:33', '2021-06-27 20:53:33');
INSERT INTO web_la_escalera_al_cielo.permissions (id, name, description, guard_name, created_at, updated_at) VALUES (23, 'admin.users.edit', 'Editar Usuario', 'web', '2021-06-27 20:53:33', '2021-06-27 20:53:33');

INSERT INTO web_la_escalera_al_cielo.roles (id, name, guard_name, created_at, updated_at) VALUES (1, 'Admin', 'web', '2021-06-27 20:53:32', '2021-06-27 20:53:32');
INSERT INTO web_la_escalera_al_cielo.roles (id, name, guard_name, created_at, updated_at) VALUES (2, 'Blogger', 'web', '2021-06-27 20:53:32', '2021-06-27 20:53:32');
INSERT INTO web_la_escalera_al_cielo.roles (id, name, guard_name, created_at, updated_at) VALUES (3, 'Documentador', 'web', '2021-06-27 20:53:32', '2021-06-27 20:53:32');
INSERT INTO web_la_escalera_al_cielo.roles (id, name, guard_name, created_at, updated_at) VALUES (4, 'Gestor de Videos', 'web', '2021-06-27 20:53:32', '2021-06-27 20:53:32');

INSERT INTO web_la_escalera_al_cielo.role_has_permissions (permission_id, role_id) VALUES (1, 1);
INSERT INTO web_la_escalera_al_cielo.role_has_permissions (permission_id, role_id) VALUES (2, 1);
INSERT INTO web_la_escalera_al_cielo.role_has_permissions (permission_id, role_id) VALUES (3, 1);
INSERT INTO web_la_escalera_al_cielo.role_has_permissions (permission_id, role_id) VALUES (4, 1);
INSERT INTO web_la_escalera_al_cielo.role_has_permissions (permission_id, role_id) VALUES (5, 1);
INSERT INTO web_la_escalera_al_cielo.role_has_permissions (permission_id, role_id) VALUES (6, 1);
INSERT INTO web_la_escalera_al_cielo.role_has_permissions (permission_id, role_id) VALUES (7, 1);
INSERT INTO web_la_escalera_al_cielo.role_has_permissions (permission_id, role_id) VALUES (8, 1);
INSERT INTO web_la_escalera_al_cielo.role_has_permissions (permission_id, role_id) VALUES (9, 1);
INSERT INTO web_la_escalera_al_cielo.role_has_permissions (permission_id, role_id) VALUES (10, 1);
INSERT INTO web_la_escalera_al_cielo.role_has_permissions (permission_id, role_id) VALUES (11, 1);
INSERT INTO web_la_escalera_al_cielo.role_has_permissions (permission_id, role_id) VALUES (12, 1);
INSERT INTO web_la_escalera_al_cielo.role_has_permissions (permission_id, role_id) VALUES (13, 1);
INSERT INTO web_la_escalera_al_cielo.role_has_permissions (permission_id, role_id) VALUES (14, 1);
INSERT INTO web_la_escalera_al_cielo.role_has_permissions (permission_id, role_id) VALUES (15, 1);
INSERT INTO web_la_escalera_al_cielo.role_has_permissions (permission_id, role_id) VALUES (16, 1);
INSERT INTO web_la_escalera_al_cielo.role_has_permissions (permission_id, role_id) VALUES (17, 1);
INSERT INTO web_la_escalera_al_cielo.role_has_permissions (permission_id, role_id) VALUES (18, 1);
INSERT INTO web_la_escalera_al_cielo.role_has_permissions (permission_id, role_id) VALUES (19, 1);
INSERT INTO web_la_escalera_al_cielo.role_has_permissions (permission_id, role_id) VALUES (20, 1);
INSERT INTO web_la_escalera_al_cielo.role_has_permissions (permission_id, role_id) VALUES (21, 1);
INSERT INTO web_la_escalera_al_cielo.role_has_permissions (permission_id, role_id) VALUES (22, 1);
INSERT INTO web_la_escalera_al_cielo.role_has_permissions (permission_id, role_id) VALUES (23, 1);
INSERT INTO web_la_escalera_al_cielo.role_has_permissions (permission_id, role_id) VALUES (1, 2);
INSERT INTO web_la_escalera_al_cielo.role_has_permissions (permission_id, role_id) VALUES (2, 2);
INSERT INTO web_la_escalera_al_cielo.role_has_permissions (permission_id, role_id) VALUES (10, 2);
INSERT INTO web_la_escalera_al_cielo.role_has_permissions (permission_id, role_id) VALUES (11, 2);
INSERT INTO web_la_escalera_al_cielo.role_has_permissions (permission_id, role_id) VALUES (12, 2);
INSERT INTO web_la_escalera_al_cielo.role_has_permissions (permission_id, role_id) VALUES (13, 2);
INSERT INTO web_la_escalera_al_cielo.role_has_permissions (permission_id, role_id) VALUES (1, 3);
INSERT INTO web_la_escalera_al_cielo.role_has_permissions (permission_id, role_id) VALUES (14, 3);
INSERT INTO web_la_escalera_al_cielo.role_has_permissions (permission_id, role_id) VALUES (15, 3);
INSERT INTO web_la_escalera_al_cielo.role_has_permissions (permission_id, role_id) VALUES (16, 3);
INSERT INTO web_la_escalera_al_cielo.role_has_permissions (permission_id, role_id) VALUES (17, 3);
INSERT INTO web_la_escalera_al_cielo.role_has_permissions (permission_id, role_id) VALUES (1, 4);
INSERT INTO web_la_escalera_al_cielo.role_has_permissions (permission_id, role_id) VALUES (18, 4);
INSERT INTO web_la_escalera_al_cielo.role_has_permissions (permission_id, role_id) VALUES (19, 4);
INSERT INTO web_la_escalera_al_cielo.role_has_permissions (permission_id, role_id) VALUES (20, 4);
INSERT INTO web_la_escalera_al_cielo.role_has_permissions (permission_id, role_id) VALUES (21, 4);

INSERT INTO web_la_escalera_al_cielo.users (id, name, email, email_verified_at, password, two_factor_secret, two_factor_recovery_codes, remember_token, current_team_id, profile_photo_path, created_at, updated_at) VALUES (1, 'Jeyson Junior Ventura Aguilar', 'jeysonv.sis@gmail.com', null, '$2y$10$q.KhnM1Rp4N1CdP/YvIkJeHjga30ibFJjxng1LUkYRoD3p0T6etnK', null, null, null, null, null, '2021-06-27 20:53:33', '2021-06-27 20:53:33');

INSERT INTO web_la_escalera_al_cielo.model_has_roles (role_id, model_type, model_id) VALUES (1, 'App\\Models\\User', 1);

INSERT INTO web_la_escalera_al_cielo.socials (id, name, slug, url_icon, created_at, updated_at) VALUES (1, 'facebook', 'facebook', 'socials-icon/ico-facebook.svg', '2021-06-27 20:53:36', '2021-06-27 20:53:36');
INSERT INTO web_la_escalera_al_cielo.socials (id, name, slug, url_icon, created_at, updated_at) VALUES (2, 'instagram', 'instagram', 'socials-icon/ico-ig.svg', '2021-06-27 20:53:36', '2021-06-27 20:53:36');
INSERT INTO web_la_escalera_al_cielo.socials (id, name, slug, url_icon, created_at, updated_at) VALUES (3, 'whatsapp', 'whatsapp', 'socials-icon/ico-whatsapp.svg', '2021-06-27 20:53:36', '2021-06-27 20:53:36');
INSERT INTO web_la_escalera_al_cielo.socials (id, name, slug, url_icon, created_at, updated_at) VALUES (4, 'twitter', 'twitter', 'socials-icon/ico-twitter.svg', '2021-06-27 20:53:36', '2021-06-27 20:53:36');
INSERT INTO web_la_escalera_al_cielo.socials (id, name, slug, url_icon, created_at, updated_at) VALUES (5, 'youtube', 'youtube', 'socials-icon/ico-youtube.svg', '2021-06-27 20:53:36', '2021-06-27 20:53:36');
INSERT INTO web_la_escalera_al_cielo.socials (id, name, slug, url_icon, created_at, updated_at) VALUES (6, 'telegram', 'telegram', 'socials-icon/ico-telegram.svg', '2021-06-27 20:53:36', '2021-06-27 20:53:36');
INSERT INTO web_la_escalera_al_cielo.socials (id, name, slug, url_icon, created_at, updated_at) VALUES (7, 'periscope', 'periscope', 'socials-icon/ico-periscope.svg', '2021-06-27 20:53:36', '2021-06-27 20:53:36');

INSERT INTO web_la_escalera_al_cielo.countries (id, name, slug, url_flag, url_firm, email, phone, address, schedule, created_at, updated_at) VALUES (1, 'Perú', 'peru', 'countries-flag/peru.png', 'countries-firm/peru.png', 'info@minpaes.org', '+51 922774790', 'Avenida Manuel Olguin 211 - Santiago de Surco', 'Domingo 09:00 am - 11:00 am', '2021-06-27 20:53:44', '2021-06-27 20:53:44');

INSERT INTO web_la_escalera_al_cielo.countries (id, name, slug, url_flag, url_firm, email, phone, address, schedule, created_at, updated_at) VALUES (2, 'Venezuela', 'venezuela', 'countries-flag/venezuela.png', 'countries-firm/venezuela.png', 'vozdearrepentimiento@gmail.com', '+58 4265333564', '-', '-', '2021-06-27 20:53:44', '2021-06-27 20:53:44');

INSERT INTO web_la_escalera_al_cielo.countries (id, name, slug, url_flag, url_firm, email, phone, address, schedule, created_at, updated_at) VALUES (3, 'Colombia', 'colombia', 'countries-flag/colombia.png', 'countries-firm/colombia.png', 'igl.arrepentimientoysantidad@gmail.com', '1 (512) 922-0314 ', '-', '-', '2021-06-27 20:53:44', '2021-06-27 20:53:44');

INSERT INTO web_la_escalera_al_cielo.countries (id, name, slug, url_flag, url_firm, email, phone, address, schedule, created_at, updated_at) VALUES (4, 'Costa Rica', 'costa-rica', 'countries-flag/costa-rica.png', 'countries-firm/costa-rica.png', 'arrepientetecostarica@outlook.com', '-', '-', '-', '2021-06-27 20:53:44', '2021-06-27 20:53:44');

INSERT INTO web_la_escalera_al_cielo.countries (id, name, slug, url_flag, url_firm, email, phone, address, schedule, created_at, updated_at) VALUES (5, 'Puerto Rico', 'puerto-rico', 'countries-flag/puerto-rico.png', 'countries-firm/puerto-rico.png', 'arrepientetepuertorico@gmail.com', '+(787) 319 7305', '-', '-', '2021-06-27 20:53:44', '2021-06-27 20:53:44');

INSERT INTO web_la_escalera_al_cielo.countries (id, name, slug, url_flag, url_firm, email, phone, address, schedule, created_at, updated_at) VALUES (6, 'México', 'mexico', 'countries-flag/mexico.png', 'countries-firm/mexico.png', 'arrepienteteypreparaelcaminomexico@outlook.com', '+52 811 286 9444', '-', '-', '2021-06-27 20:53:44', '2021-06-27 20:53:44');

INSERT INTO web_la_escalera_al_cielo.countries (id, name, slug, url_flag, url_firm, email, phone, address, schedule, created_at, updated_at) VALUES (7, 'Nicaragua', 'nicaragua', 'countries-flag/nicaragua.png', 'countries-firm/nicaragua.png', 'info@minpaes.org', '-', '-', '-', '2021-06-27 20:53:44', '2021-06-27 20:53:44');

INSERT INTO web_la_escalera_al_cielo.countries (id, name, slug, url_flag, url_firm, email, phone, address, schedule, created_at, updated_at) VALUES (8, 'Chile', 'chile', 'countries-flag/chile.png', 'countries-firm/chile.png', 'arrepientete.chile@gmail.com', '+56 987474762', '-', '-', '2021-06-27 20:53:44', '2021-06-27 20:53:44');

INSERT INTO web_la_escalera_al_cielo.countries (id, name, slug, url_flag, url_firm, email, phone, address, schedule, created_at, updated_at) VALUES (9, 'Honduras', 'honduras', 'countries-flag/honduras.png', 'countries-firm/honduras.png', 'ffdigital_honduras@yahoo.com', '+50 499227283', '-', '-', '2021-06-27 20:53:44', '2021-06-27 20:53:44');

INSERT INTO web_la_escalera_al_cielo.countries (id, name, slug, url_flag, url_firm, email, phone, address, schedule, created_at, updated_at) VALUES (10, 'Panamá', 'panama', 'countries-flag/panama.png', 'countries-firm/panama.png', 'info@minpaes.org', '-', '-', '-', '2021-06-27 20:53:44', '2021-06-27 20:53:44');

INSERT INTO web_la_escalera_al_cielo.countries (id, name, slug, url_flag, url_firm, email, phone, address, schedule, created_at, updated_at) VALUES (11, 'Cuba', 'cuba', 'countries-flag/cuba.png', 'countries-firm/cuba.png', 'info@minpaes.org', '+53 5 1225686', '-', '-', '2021-06-27 20:53:44', '2021-06-27 20:53:44');

INSERT INTO web_la_escalera_al_cielo.countries (id, name, slug, url_flag, url_firm, email, phone, address, schedule, created_at, updated_at) VALUES (12, 'Guatemala', 'guatemala', 'countries-flag/guatemala.png', 'countries-firm/guatemala.png', 'minarrepentimientoysantidadgt@gmail.com', '7876194603', '-', '-', '2021-06-27 20:53:44', '2021-06-27 20:53:44');

INSERT INTO web_la_escalera_al_cielo.countries (id, name, slug, url_flag, url_firm, email, phone, address, schedule, created_at, updated_at) VALUES (13, 'Paraguay', 'paraguay', 'countries-flag/paraguay.png', 'countries-firm/paraguay.png', 'miridimi777@gmail.com', '+59 5983972082', 'Avenida Manuel Olguin 211 - Santiago de Surco', 'Domingo 09:00 am - 11:00 am', '2021-06-27 20:53:44', '2021-06-27 20:53:44');

INSERT INTO web_la_escalera_al_cielo.countries (id, name, slug, url_flag, url_firm, email, phone, address, schedule, created_at, updated_at) VALUES (14, 'Bolivia', 'bolivia', 'countries-flag/bolivia.png', 'countries-firm/bolivia.png', 'info@minpaes.org', '-', '-', '-', '2021-06-27 20:53:44', '2021-06-27 20:53:44');

INSERT INTO web_la_escalera_al_cielo.countries (id, name, slug, url_flag, url_firm, email, phone, address, schedule, created_at, updated_at) VALUES (15, 'Uruguay', 'uruguay', 'countries-flag/uruguay.png', 'countries-firm/uruguay.png', 'jahjakemppe@gmail.com', '96810627', '-', '-', '2021-06-27 20:53:44', '2021-06-27 20:53:44');

INSERT INTO web_la_escalera_al_cielo.countries (id, name, slug, url_flag, url_firm, email, phone, address, schedule, created_at, updated_at) VALUES (16, 'República Dominicana', 'republica-dominicana', 'countries-flag/republica-dominicana.png', 'countries-firm/republica-dominicana.png', 'info@minpaes.org', '-', '-', '-', '2021-06-27 20:53:44', '2021-06-27 20:53:44');

INSERT INTO web_la_escalera_al_cielo.countries (id, name, slug, url_flag, url_firm, email, phone, address, schedule, created_at, updated_at) VALUES (17, 'El Salvador', 'el-salvador', 'countries-flag/el-salvador.png', 'countries-firm/el-salvador.png', 'info@minpaes.org', '-', '-', '-', '2021-06-27 20:53:44', '2021-06-27 20:53:44');

INSERT INTO web_la_escalera_al_cielo.countries (id, name, slug, url_flag, url_firm, email, phone, address, schedule, created_at, updated_at) VALUES (18, 'Argentina', 'argentina', 'countries-flag/argentina.png', 'countries-firm/argentina.png', 'juanmanuelpirillo@mail.com', '+54 91151807003', '-', '-', '2021-06-27 20:53:44');

INSERT INTO web_la_escalera_al_cielo.countries (id, name, slug, url_flag, url_firm, email, phone, address, schedule, created_at, updated_at) VALUES (19, 'Ecuador', 'ecuador', 'countries-flag/ecuador.png', 'countries-firm/ecuador.png', 'carlostorreshuacon@gmail.com', '968445803', '-', '-', '2021-06-27 20:53:44', '2021-06-27 20:53:44');

INSERT INTO web_la_escalera_al_cielo.countries (id, name, slug, url_flag, url_firm, email, phone, address, schedule, created_at, updated_at) VALUES (20, 'Guinea Ecuatorial', 'guinea-ecuatorial', 'countries-flag/guinea-ecuatorial.png', 'countries-firm/guinea-ecuatorial.png', 'info@minpaes.org', '-', '-', '-', '2021-06-27 20:53:44', '2021-06-27 20:53:44');


INSERT INTO web_la_escalera_al_cielo.country_social (id, link, social_id, country_id, created_at, updated_at) VALUES (1, 'https://www.facebook.com/ministeriopalabrayespiritu/', 1, 1, null, null);
INSERT INTO web_la_escalera_al_cielo.country_social (id, link, social_id, country_id, created_at, updated_at) VALUES (2, 'https://www.instagram.com/minpaes/', 2, 1, null, null);
INSERT INTO web_la_escalera_al_cielo.country_social (id, link, social_id, country_id, created_at, updated_at) VALUES (3, 'https://api.whatsapp.com/send?phone=51922774790', 3, 1, null, null);
INSERT INTO web_la_escalera_al_cielo.country_social (id, link, social_id, country_id, created_at, updated_at) VALUES (4, 'https://twitter.com/minpaes', 4, 1, null, null);
INSERT INTO web_la_escalera_al_cielo.country_social (id, link, social_id, country_id, created_at, updated_at) VALUES (5, 'https://www.youtube.com/channel/UCUXXjYksD_19-w_Jstk-2VQ', 5, 1, null, null);

INSERT INTO web_la_escalera_al_cielo.country_social (id, link, social_id, country_id, created_at, updated_at) VALUES (6, 'https://www.facebook.com/arrepientetevenezuelaoficial/', 1, 2, null, null);
INSERT INTO web_la_escalera_al_cielo.country_social (id, link, social_id, country_id, created_at, updated_at) VALUES (7, 'https://www.instagram.com/repent_venezuela/', 2, 2, null, null);
INSERT INTO web_la_escalera_al_cielo.country_social (id, link, social_id, country_id, created_at, updated_at) VALUES (8, 'https://api.whatsapp.com/send?phone=584265333564', 3, 2, null, null);
INSERT INTO web_la_escalera_al_cielo.country_social (id, link, social_id, country_id, created_at, updated_at) VALUES (9, 'https://twitter.com/ArzobispHerbert?s=09', 4, 2, null, null);
INSERT INTO web_la_escalera_al_cielo.country_social (id, link, social_id, country_id, created_at, updated_at) VALUES (10, 'https://www.youtube.com/channel/UCRbH2frlqhR__aky0iClWTw', 5, 2, null, null);

INSERT INTO web_la_escalera_al_cielo.country_social (id, link, social_id, country_id, created_at, updated_at) VALUES (11, 'https://www.facebook.com/Arrepientete-Colombia-264726177068003/', 1, 3, null, null);
INSERT INTO web_la_escalera_al_cielo.country_social (id, link, social_id, country_id, created_at, updated_at) VALUES (12, 'https://instagram.com/tiempdearrepentimientoradio?utm_medium=copy_link', 2, 3, null, null);
INSERT INTO web_la_escalera_al_cielo.country_social (id, link, social_id, country_id, created_at, updated_at) VALUES (13, 'https://api.whatsapp.com/send?phone=5129220314', 3, 3, null, null);
INSERT INTO web_la_escalera_al_cielo.country_social (id, link, social_id, country_id, created_at, updated_at) VALUES (14, 'https://twitter.com/repenttimeradio?s=09', 4, 3, null, null);
INSERT INTO web_la_escalera_al_cielo.country_social (id, link, social_id, country_id, created_at, updated_at) VALUES (15, 'https://youtube.com/channel/UC-08gBSmNkA3GmKZpI4ZB5g', 5, 3, null, null);

INSERT INTO web_la_escalera_al_cielo.country_social (id, link, social_id, country_id, created_at, updated_at) VALUES (16, 'https://www.facebook.com/arrepientetecostarica/', 1, 4, null, null);
INSERT INTO web_la_escalera_al_cielo.country_social (id, link, social_id, country_id, created_at, updated_at) VALUES (17, 'https://twitter.com/RepentCostaRica?s=09', 4, 4, null, null);

INSERT INTO web_la_escalera_al_cielo.country_social (id, link, social_id, country_id, created_at, updated_at) VALUES (18, 'https://www.facebook.com/Puerto-Rico-Arrepientete-y-Prepara-el-Camino/', 1, 5, null, null);
INSERT INTO web_la_escalera_al_cielo.country_social (id, link, social_id, country_id, created_at, updated_at) VALUES (19, 'https://api.whatsapp.com/send?phone=7873197305', 3, 5, null, null);
INSERT INTO web_la_escalera_al_cielo.country_social (id, link, social_id, country_id, created_at, updated_at) VALUES (20, 'https://twitter.com/LeslieM79252049?s=09', 4, 5, null, null);
INSERT INTO web_la_escalera_al_cielo.country_social (id, link, social_id, country_id, created_at, updated_at) VALUES (21, 'https://youtube.com/channel/UCSllHDiVEUKWLJ3go5px5XA', 5, 5, null, null);

INSERT INTO web_la_escalera_al_cielo.country_social (id, link, social_id, country_id, created_at, updated_at) VALUES (22, 'https://m.facebook.com/Arrepientete-y-Prepara-El-Camino-Mexico/', 1, 6, null, null);
INSERT INTO web_la_escalera_al_cielo.country_social (id, link, social_id, country_id, created_at, updated_at) VALUES (23, 'https://api.whatsapp.com/send?phone=528112869444', 3, 6, null, null);

INSERT INTO web_la_escalera_al_cielo.country_social (id, link, social_id, country_id, created_at, updated_at) VALUES (24, 'https://www.facebook.com/Ministerio-de-Arrepentimiento-y-Santidad-Chile-113603953812959/', 1, 8, null, null);
INSERT INTO web_la_escalera_al_cielo.country_social (id, link, social_id, country_id, created_at, updated_at) VALUES (25, 'https://api.whatsapp.com/send?phone=56987474762', 3, 8, null, null);

INSERT INTO web_la_escalera_al_cielo.country_social (id, link, social_id, country_id, created_at, updated_at) VALUES (26, 'https://www.facebook.com/ArrepienteteHonduras/?ref=pages_you_manage', 1, 9, null, null);
INSERT INTO web_la_escalera_al_cielo.country_social (id, link, social_id, country_id, created_at, updated_at) VALUES (27, 'https://api.whatsapp.com/send?phone=50499227283', 3, 9, null, null);
INSERT INTO web_la_escalera_al_cielo.country_social (id, link, social_id, country_id, created_at, updated_at) VALUES (28, 'https://twitter.com/home?lang=es', 4, 9, null, null);
INSERT INTO web_la_escalera_al_cielo.country_social (id, link, social_id, country_id, created_at, updated_at) VALUES (29, 'https://www.youtube.com/channel/UCGmCQJ__IsRgk0jOFUcXSEw', 5, 9, null, null);

INSERT INTO web_la_escalera_al_cielo.country_social (id, link, social_id, country_id, created_at, updated_at) VALUES (30, 'https://www.facebook.com/Arrepientete-y-Prepara-el-Camino-CUBA-103167584836083', 1, 11, null, null);
INSERT INTO web_la_escalera_al_cielo.country_social (id, link, social_id, country_id, created_at, updated_at) VALUES (31, 'https://api.whatsapp.com/send?phone=5351225686', 3, 11, null, null);

INSERT INTO web_la_escalera_al_cielo.country_social (id, link, social_id, country_id, created_at, updated_at) VALUES (32, 'https://www.facebook.com/Arrepientete-Guatemala-101641454960341/', 1, 12, null, null);
INSERT INTO web_la_escalera_al_cielo.country_social (id, link, social_id, country_id, created_at, updated_at) VALUES (33, 'https://instagram.com/arrepientete_guatemala?utm_medium=copy_link', 2, 12, null, null);
INSERT INTO web_la_escalera_al_cielo.country_social (id, link, social_id, country_id, created_at, updated_at) VALUES (34, 'https://api.whatsapp.com/send?phone=7876194603', 3, 12, null, null);
INSERT INTO web_la_escalera_al_cielo.country_social (id, link, social_id, country_id, created_at, updated_at) VALUES (35, 'https://youtube.com/channel/UCFTanBsb6Ib1_QQ8reCCudw', 5, 12, null, null);

INSERT INTO web_la_escalera_al_cielo.country_social (id, link, social_id, country_id, created_at, updated_at) VALUES (36, 'https://www.facebook.com/profile.php?id=100041298397632', 1, 13, null, null);
INSERT INTO web_la_escalera_al_cielo.country_social (id, link, social_id, country_id, created_at, updated_at) VALUES (37, 'https://www.instagram.com/reel/CPMFtVkA4PL/?utm_medium=share_sheet', 2, 13, null, null);
INSERT INTO web_la_escalera_al_cielo.country_social (id, link, social_id, country_id, created_at, updated_at) VALUES (38, 'https://api.whatsapp.com/send?phone=595983972082', 3, 13, null, null);

INSERT INTO web_la_escalera_al_cielo.country_social (id, link, social_id, country_id, created_at, updated_at) VALUES (39, 'https://www.facebook.com/jacqueline.acosta.9638', 1, 15, null, null);
INSERT INTO web_la_escalera_al_cielo.country_social (id, link, social_id, country_id, created_at, updated_at) VALUES (40, 'https://www.instagram.com/arrepentimiento_y_santidad/', 2, 15, null, null);
INSERT INTO web_la_escalera_al_cielo.country_social (id, link, social_id, country_id, created_at, updated_at) VALUES (41, 'https://api.whatsapp.com/send?phone=96810627', 3, 15, null, null);
INSERT INTO web_la_escalera_al_cielo.country_social (id, link, social_id, country_id, created_at, updated_at) VALUES (42, 'https://youtube.com/channel/UCib_aHJ5g3zMD20FBjSre3Q', 5, 15, null, null);

INSERT INTO web_la_escalera_al_cielo.country_social (id, link, social_id, country_id, created_at, updated_at) VALUES (43, 'https://www.facebook.com/arrepienteargentina', 1, 18, null, null);
INSERT INTO web_la_escalera_al_cielo.country_social (id, link, social_id, country_id, created_at, updated_at) VALUES (44, 'https://api.whatsapp.com/send?phone=5491151807003', 3, 18, null, null);
INSERT INTO web_la_escalera_al_cielo.country_social (id, link, social_id, country_id, created_at, updated_at) VALUES (45, 'https://youtubecom/channel/UCy4GMZD57h9L9jSSLno71MQ', 5, 18, null, null);

INSERT INTO web_la_escalera_al_cielo.country_social (id, link, social_id, country_id, created_at, updated_at) VALUES (46, 'https://www.facebook.com/carlos.torreshuacon', 1, 19, null, null);
INSERT INTO web_la_escalera_al_cielo.country_social (id, link, social_id, country_id, created_at, updated_at) VALUES (47, 'https://www.instagram.com/arrepienteteEcuador', 2, 19, null, null);
INSERT INTO web_la_escalera_al_cielo.country_social (id, link, social_id, country_id, created_at, updated_at) VALUES (48, 'https://api.whatsapp.com/send?phone=968445803', 3, 19, null, null);
INSERT INTO web_la_escalera_al_cielo.country_social (id, link, social_id, country_id, created_at, updated_at) VALUES (49, 'https://youtube.com/channel/UCjg1VL34-RtT3XIlLNRcTeg', 5, 19, null, null);



